{
    "loss": 5.7822794914245605,
    "accuracy": 0.8103448152542114
}