{
    "loss": 1.2424654960632324,
    "accuracy": 0.9396551847457886
}