{
    "loss": 1.4943268299102783,
    "accuracy": 0.931034505367279
}